city,lat,lng,country,iso2,admin_name,population
Delhi,28.61,77.23,India,IN,Delhi,32226000
Mumbai,19.0761,72.8775,India,IN,MahÄrÄshtra,24973000
KolkÄta,22.5675,88.37,India,IN,West Bengal,18502000
Bangalore,12.9789,77.5917,India,IN,KarnÄtaka,15386000
Chennai,13.0825,80.275,India,IN,Tamil NÄdu,12395000
HyderÄbÄd,17.385,78.4867,India,IN,TelangÄna,10494000
Pune,18.5203,73.8567,India,IN,MahÄrÄshtra,8231000
Ahmedabad,23.03,72.58,India,IN,Gujarat,8009000
Sūrat,21.1702,72.8311,India,IN,Gujarat,6538000
Prayagraj,25.4358,81.8464,India,IN,Uttar Pradesh,5954391
Lucknow,26.85,80.95,India,IN,Uttar Pradesh,3382000
Jaipur,26.9,75.8,India,IN,RÄjasthÄn,3073350
Cawnpore,26.4499,80.3319,India,IN,Uttar Pradesh,2701324
MirzÄpur,25.146,82.569,India,IN,Uttar Pradesh,2496970
NÄgpur,21.1497,79.0806,India,IN,MahÄrÄshtra,2405665
GhÄziÄbÄd,28.67,77.42,India,IN,Uttar Pradesh,2375820
Vadodara,22.3,73.2,India,IN,Gujarat,2065771
VishÄkhapatnam,17.7042,83.2978,India,IN,Andhra Pradesh,2035922
Indore,22.7167,75.8472,India,IN,Madhya Pradesh,1994397
ThÄne,19.1972,72.9722,India,IN,MahÄrÄshtra,1886941
BhopÄl,23.25,77.4167,India,IN,Madhya Pradesh,1798218
Chinchvad,18.6186,73.8037,India,IN,MahÄrÄshtra,1729320
Patna,25.6,85.1,India,IN,Bihar,1684222
BilÄspur,22.09,82.15,India,IN,Chhattisgarh,1625502
LudhiÄna,30.91,75.85,India,IN,Punjab,1618879
AgwÄr,27.18,78.02,India,IN,Uttar Pradesh,1585705
Āgra,27.18,78.02,India,IN,Uttar Pradesh,1585704
Madurai,9.9252,78.1198,India,IN,Tamil NÄdu,1561129
Jamshedpur,22.7925,86.1842,India,IN,Jharkhand,1558000
NÄsik,20,73.78,India,IN,MahÄrÄshtra,1486053
FarÄ«dÄbÄd,28.4167,77.3,India,IN,Haryana,1404653
AurangÄbÄd,19.88,75.32,India,IN,MahÄrÄshtra,1371330
RÄjkot,22.3,70.7833,India,IN,Gujarat,1335397
Meerut,28.98,77.71,India,IN,Uttar Pradesh,1305429
Jabalpur,23.1667,79.9333,India,IN,Madhya Pradesh,1267564
Kalamboli,19.2333,73.1333,India,IN,MahÄrÄshtra,1246381
Vasai,19.47,72.8,India,IN,MahÄrÄshtra,1222390
Najafgarh,28.6092,76.9798,India,IN,Delhi,1203180
VÄrÄnasi,25.3189,83.0128,India,IN,Uttar Pradesh,1198491
Srīnagar,34.09,74.79,India,IN,Jammu and Kashmīr,1180570
DhanbÄd,23.7998,86.4305,India,IN,Jharkhand,1162472
Amritsar,31.64,74.86,India,IN,Punjab,1132383
Alīgarh,27.88,78.08,India,IN,Uttar Pradesh,1131160
GuwÄhÄti,26.1722,91.7458,India,IN,Assam,1116267
HÄora,22.58,88.3294,India,IN,West Bengal,1077075
RÄnchi,23.36,85.33,India,IN,Jharkhand,1073440
Gwalior,26.2215,78.178,India,IN,Madhya Pradesh,1069276
Chandīgarh,30.75,76.78,India,IN,Chandigarh,1055450
VijayavÄda,16.5193,80.6305,India,IN,Andhra Pradesh,1048240
Jodhpur,26.28,73.02,India,IN,RÄjasthÄn,1033918
Raipur,21.25,81.63,India,IN,Chhattisgarh,1010087
Kota,25.18,75.83,India,IN,RÄjasthÄn,1001694
KÄlkÄji Devi,28.5485,77.2513,India,IN,Delhi,824177
Bhayandar,19.29,72.85,India,IN,MahÄrÄshtra,809378
AmbattÅ«r,13.1143,80.1548,India,IN,Tamil NÄdu,466205
Salt Lake City,22.61,88.4,India,IN,West Bengal,403316
BhÄtpÄra,22.87,88.41,India,IN,West Bengal,386019
Kūkatpalli,17.4849,78.4138,India,IN,Andhra Pradesh,385821
Darbhanga,26.17,85.9,India,IN,Bihar,380125
DÄsarhalli,13.0465,77.513,India,IN,KarnÄtaka,349720
Muzaffarpur,26.1225,85.3906,India,IN,Bihar,333200
Oulgaret,11.957,79.7737,India,IN,Puducherry,300104
New Delhi,28.6139,77.209,India,IN,Delhi,249998
TiruvottiyÅ«r,13.16,80.3,India,IN,Tamil NÄdu,249446
Puducherry,11.9167,79.8167,India,IN,Puducherry,244377
Byatarayanpur,13.0659,77.5922,India,IN,KarnÄtaka,239902
PallÄvaram,12.9675,80.1491,India,IN,Tamil NÄdu,215417
SecunderÄbÄd,17.4399,78.4983,India,IN,Andhra Pradesh,213698
Shimla,31.1033,77.1722,India,IN,Himachal Pradesh,206575
Puri,19.8106,85.8314,India,IN,Odisha,201026
ShrÄ«rÄmpur,22.75,88.34,India,IN,West Bengal,181842
Hugli,22.9089,88.3967,India,IN,West Bengal,179931
Chandannagar,22.8671,88.3674,India,IN,West Bengal,166867
SultÄnpur Mazra,28.6981,77.0689,India,IN,Delhi,163716
Krishnanagar,23.4,88.5,India,IN,West Bengal,153062
BÄrÄkpur,22.7642,88.3776,India,IN,West Bengal,152783
BhÄlswa Jahangirpur,28.7354,77.1638,India,IN,Delhi,151427
NÄngloi JÄt,28.6833,77.0667,India,IN,Delhi,150371
Yelahanka,13.1007,77.5963,India,IN,KarnÄtaka,119891
TitÄgarh,22.74,88.37,India,IN,West Bengal,116541
Dam Dam,22.62,88.42,India,IN,West Bengal,114786
BÄnsbÄria,22.97,88.4,India,IN,West Bengal,103920
Madhavaram,13.1482,80.2314,India,IN,Tamil NÄdu,100442
Baj Baj,22.4828,88.1818,India,IN,West Bengal,76837
Nerkunram,13.0667,80.2833,India,IN,Tamil NÄdu,52570
KendrÄparha,20.5,86.42,India,IN,Odisha,41404
Sijua,23.7692,86.1673,India,IN,Jharkhand,39372
Manali,13.1667,80.2667,India,IN,Tamil NÄdu,37748
Chakapara,22.63,88.35,India,IN,West Bengal,35282
PÄppÄkurichchi,10.8137,78.7481,India,IN,Tamil NÄdu,26889
Herohalli,12.9911,77.4873,India,IN,KarnÄtaka,23851
Madipakkam,12.9623,80.1986,India,IN,Tamil NÄdu,20523
Sabalpur,25.6053,85.1835,India,IN,Bihar,18810
Salua,22.61,88.27,India,IN,West Bengal,15171
Balasore,21.4942,86.9317,India,IN,Odisha,13869
JÄlhalli,13.0333,77.55,India,IN,KarnÄtaka,13063
Chinnasekkadu,13.1609,80.2573,India,IN,Tamil NÄdu,12854
Jethuli,25.5378,85.2841,India,IN,Bihar,11572
Nagtala,22.3693,88.6071,India,IN,West Bengal,10419
BÄgalÅ«r,13.1328,77.6685,India,IN,KarnÄtaka,9925
Pakri,25.5876,85.158,India,IN,Bihar,9768
Hunasamaranhalli,13.1435,77.62,India,IN,KarnÄtaka,9741
Hesarghatta,13.1391,77.4783,India,IN,KarnÄtaka,9485
BommayapÄlaiyam,11.9922,79.8499,India,IN,Tamil NÄdu,8796
GundÅ«r,10.7339,78.7184,India,IN,Tamil NÄdu,8587
PunÄdih,25.5484,85.2649,India,IN,Bihar,8273
HarilÄdih,23.63,86.35,India,IN,Jharkhand,7917
AlÄwalpur,25.4958,85.2021,India,IN,Bihar,7827
MÄdnÄikanhalli,13.0626,77.4642,India,IN,KarnÄtaka,7805
KÄdiganahalli,13.1687,77.6283,India,IN,KarnÄtaka,7225
Mahuli,25.543,85.2268,India,IN,Bihar,6683
ZeyÄdah Kot,22.321,88.2457,India,IN,West Bengal,6457
Arshakunti,13.0785,77.4225,India,IN,KarnÄtaka,6262
HÄ«rÄpur,23.6834,87.1973,India,IN,West Bengal,5910
Mirchi,25.5554,85.2139,India,IN,Bihar,5710
Sonudih,25.1155,87.0214,India,IN,Bihar,5658
Sondekoppa,13,77.3667,India,IN,KarnÄtaka,4866
Babura,25.0851,87.1092,India,IN,Bihar,4755
MÄdavar,13.0525,77.4732,India,IN,KarnÄtaka,4678
Kadabgeri,12.9965,77.4331,India,IN,KarnÄtaka,4573
Nanmangalam,12.9381,80.1753,India,IN,Tamil NÄdu,4386
Taliganja,22.5876,88.4439,India,IN,West Bengal,4278
Tarchha,25.1116,87.0964,India,IN,Bihar,4198
Belgharia,22.5692,88.4846,India,IN,West Bengal,4193
Kammanhalli,13.0155,77.6381,India,IN,KarnÄtaka,4144
Sonnappanhalli,13.1557,77.6179,India,IN,KarnÄtaka,3996
KedihÄti,22.6543,88.5304,India,IN,West Bengal,3910
DoddajÄ«vanhalli,13.0086,77.6143,India,IN,KarnÄtaka,3792
Simli MurÄrpur,25.5792,85.2401,India,IN,Bihar,3739
SonÄwÄn,25.5445,85.2387,India,IN,Bihar,3682
Devanandapur,22.9378,88.3698,India,IN,West Bengal,3449
Tribeni,23.0269,88.4565,India,IN,West Bengal,3305
Huttanhalli,13.1651,77.6512,India,IN,KarnÄtaka,3240
Nathupur,25.5163,85.2544,India,IN,Bihar,3129
BÄli,25.481,85.2227,India,IN,Bihar,3128
VÄjarhalli,13.1022,77.4111,India,IN,KarnÄtaka,3009
Saino,25.1134,87.0108,India,IN,Bihar,2987
Shekhpura,25.5725,85.1428,India,IN,Bihar,2950
CÄchohalli,13.001,77.4717,India,IN,KarnÄtaka,2946
NÄrÄyanpur Kola,25.1293,87.0076,India,IN,Bihar,2919
Gyan Chak,25.5496,85.2423,India,IN,Bihar,2855
Kasgatpur,13.1101,77.5045,India,IN,KarnÄtaka,2852
Kitanelli,13.0095,77.4191,India,IN,KarnÄtaka,2827
Harchandi,25.1,87.0442,India,IN,Bihar,2827
Santoshpur,22.465,88.2193,India,IN,West Bengal,2808
BendravÄdi,12.3636,76.9137,India,IN,KarnÄtaka,2684
Kodagihalli,12.9771,77.4651,India,IN,KarnÄtaka,2585
Harna Buzurg,25.0981,87.0148,India,IN,Bihar,2579
Mailanhalli,13.1863,77.6963,India,IN,KarnÄtaka,2543
SultÄnpur,25.5248,85.2507,India,IN,Bihar,2473
